fighter,salary,year,Unnamed: 0,first_name,last_name,height,weight,stance,wins,losses,draws,number_of_fights,full_name,gender,current_or_former_champ
Abner Llovenas,"$12,500 ",2015,,,,,,,,,,,,,
Akhbar Arreola,"$24,500 ",2015,,,,,,,,,,,,,
Alan Badout,"$13,500 ",2020,,,,,,,,,,,,,
Alan Belcher,"$38,000 ",2011,,,,,,,,,,,,,
Aleksandar Racic,"$12,500 ",2017,,,,,,,,,,,,,
Alessandro Ricci,"$12,500 ",2016,,,,,,,,,,,,,
Alessandro Ricci,"$12,500 ",2017,,,,,,,,,,,,,
Alex da Silva,"$37,000 ",2019,,,,,,,,,,,,,
Alex da Silva,"$15,500 ",2020,,,,,,,,,,,,,
Alex Munoz,"$13,500 ",2020,,,,,,,,,,,,,
Alex Volkanovski,"$22,500 ",2016,,,,,,,,,,,,,
Alexander Gustafsson,"$18,000 ",2010,,,,,,,,,,,,,
Alexander Torres,"$8,000 ",2015,,,,,,,,,,,,,
Alexey Kunchenko,"$55,000 ",2018,,,,,,,,,,,,,
Alexey Kunchenko,"$17,500 ",2019,,,,,,,,,,,,,
Alexey Kunchenko,"$18,000 ",2020,,,,,,,,,,,,,
Alvaro Herrera,"$22,500 ",2015,,,,,,,,,,,,,
Alvaro Herrera,"$14,500 ",2016,,,,,,,,,,,,,
Alvaro Herrera,"$14,500 ",2017,,,,,,,,,,,,,
Alvaro Herrera,"$16,000 ",2018,,,,,,,,,,,,,
Anderson dos Santos,"$13,500 ",2018,,,,,,,,,,,,,
Anderson dos Santos,"$13,500 ",2019,,,,,,,,,,,,,
Anderson dos Santos,"$23,500 ",2020,,,,,,,,,,,,,
Andrea Stahl,"$8,000 ",2014,,,,,,,,,,,,,
Anthony ‘Rumble’ Johnson,"$262,000 ",2014,,,,,,,,,,,,,
Anthony ‘Rumble’ Johnson,"$951,000 ",2015,,,,,,,,,,,,,
Anthony ‘Rumble’ Johnson,"$655,000 ",2016,,,,,,,,,,,,,
Anthony ‘Rumble’ Johnson,"$530,000 ",2017,,,,,,,,,,,,,
Antonio ‘Bigfoot’ Silva,"$75,000 ",2014,,,,,,,,,,,,,
Antonio ‘Bigfoot’ Silva,"$235,000 ",2015,,,,,,,,,,,,,
Antonio ‘Bigfoot’ Silva,"$170,000 ",2016,,,,,,,,,,,,,
Antonio Carlos Jr,"$31,000 ",2014,,,,,,,,,,,,,
Antonio dos Santos Jr.,"$8,000 ",2014,,,,,,,,,,,,,
Antonio dos Santos Jr.,"$10,000 ",2015,,,,,,,,,,,,,
Antonio Rogerio Nogueira,"$275,000 ",2010,,,,,,,,,,,,,
Antonio Rogerio Nogueira,"$230,000 ",2011,,,,,,,,,,,,,
Antonio Rogerio Nogueira,"$114,000 ",2014,,,,,,,,,,,,,
Antonio Rogerio Nogueira,"$169,000 ",2015,,,,,,,,,,,,,
Antonio Rogerio Nogueira,"$324,000 ",2016,,,,,,,,,,,,,
Antonio Rogerio Nogueira,"$257,000 ",2018,,,,,,,,,,,,,
Antonio Rogerio Nogueira,"$138,000 ",2019,,,,,,,,,,,,,
Antonio Rogerio Nogueira,"$138,000 ",2020,,,,,,,,,,,,,
Arjun Bhullar,"$22,500 ",2017,,,,,,,,,,,,,
Ashlee-Evans Smith,"$33,000 ",2018,,,,,,,,,,,,,
B.J. Penn,"$680,000 ",2010,,,,,,,,,,,,,
B.J. Penn,"$375,000 ",2011,,,,,,,,,,,,,
B.J. Penn,"$150,000 ",2012,,,,,,,,,,,,,
B.J. Penn,"$150,000 ",2013,,,,,,,,,,,,,
B.J. Penn,"$150,000 ",2014,,,,,,,,,,,,,
B.J. Penn,"$340,000 ",2017,,,,,,,,,,,,,
B.J. Penn,"$170,000 ",2018,,,,,,,,,,,,,
B.J. Penn,"$170,000 ",2019,,,,,,,,,,,,,
Bartosz Fabinksi,"$51,500 ",2018,,,,,,,,,,,,,
Bartosz Fabinksi,"$58,000 ",2020,,,,,,,,,,,,,
Batgerel Danaa,"$63,500 ",2019,,,,,,,,,,,,,
Ben Henderson,"$193,000 ",2011,,,,,,,,,,,,,
Bernardo Malgalhaes,"$12,000 ",2012,,,,,,,,,,,,,
Bernardo Malgalhaes,"$12,000 ",2013,,,,,,,,,,,,,
Bradley Scott,"$14,500 ",2016,,,,,,,,,,,,,
Brendan O’Reilly,"$16,000 ",2015,,,,,,,,,,,,,
Brendan O’Reilly,"$29,000 ",2016,,,,,,,,,,,,,
C.B. Dollaway,"$128,000 ",2010,,,,,,,,,,,,,
C.B. Dollaway,"$40,000 ",2012,,,,,,,,,,,,,
C.B. Dollaway,"$40,000 ",2013,,,,,,,,,,,,,
C.B. Dollaway,"$190,000 ",2014,,,,,,,,,,,,,
C.B. Dollaway,"$95,000 ",2015,,,,,,,,,,,,,
C.B. Dollaway,"$43,000 ",2016,,,,,,,,,,,,,
C.B. Dollaway,"$101,000 ",2017,,,,,,,,,,,,,
C.B. Dolloway,"$40,000 ",2011,,,,,,,,,,,,,
C.B. Dolloway,"$176,000 ",2018,,,,,,,,,,,,,
C.J. Keith,"$4,800 ",2012,,,,,,,,,,,,,
C.J. Keith,"$4,800 ",2013,,,,,,,,,,,,,
Caio Malgalhaes,"$8,000 ",2012,,,,,,,,,,,,,
Caio Malgalhaes,"$8,000 ",2013,,,,,,,,,,,,,
Callan Porter,"$37,000 ",2019,,,,,,,,,,,,,
Carlos Diego Ferreira,"$151,000 ",2014,,,,,,,,,,,,,
Carlos Diego Ferreira,"$15,000 ",2015,,,,,,,,,,,,,
Carlos Diego Ferreira,"$32,500 ",2016,,,,,,,,,,,,,
Carlos Diego Ferreira,"$80,500 ",2018,,,,,,,,,,,,,
Carlos Diego Ferreira,"$93,800 ",2019,,,,,,,,,,,,,
Carlos Diego Ferreira,"$155,000 ",2020,,,,,,,,,,,,,
Carlos Hauchin,"$27,000 ",2019,,,,,,,,,,,,,
Carls John de Tomas,"$9,500 ",2017,,,,,,,,,,,,,
Cezar ‘Mutante’ Ferreira,"$100,000 ",2014,,,,,,,,,,,,,
Cezar ‘Mutante’ Ferreira,"$45,000 ",2015,,,,,,,,,,,,,
Chan-Sung Jung,"$114,000 ",2012,,,,,,,,,,,,,
Chan-Sung Jung,"$114,000 ",2013,,,,,,,,,,,,,
Charles Olveira,"$208,000 ",2017,,,,,,,,,,,,,
Chico Camos,"$12,000 ",2012,,,,,,,,,,,,,
Chico Camos,"$12,000 ",2013,,,,,,,,,,,,,
Chris De La Rocha,"$12,500 ",2015,,,,,,,,,,,,,
Chris De La Rocha,"$12,500 ",2016,,,,,,,,,,,,,
Chris De La Rocha,"$37,000 ",2018,,,,,,,,,,,,,
Chris Tuchscherer,"$12,000 ",2011,,,,,,,,,,,,,
Christo Giagos,"$44,000 ",2018,,,,,,,,,,,,,
Chuck O'Neil,"$8,000 ",2011,,,,,,,,,,,,,
Claudia Puelles,"$90,000 ",2018,,,,,,,,,,,,,
Claudia Silva,"$71,000 ",2019,,,,,,,,,,,,,
Cody Stamman,"$49,000 ",2017,,,,,,,,,,,,,
Cody Stamman,"$69,500 ",2018,,,,,,,,,,,,,
Cody Stamman,"$121,000 ",2020,,,,,,,,,,,,,
Costas Philippou,"$33,000 ",2011,,,,,,,,,,,,,
Costas Philippou,"$106,000 ",2012,,,,,,,,,,,,,
Costas Philippou,"$106,000 ",2013,,,,,,,,,,,,,
Costas Philippou,"$69,000 ",2014,,,,,,,,,,,,,
Costas Philippou,"$25,000 ",2015,,,,,,,,,,,,,
Cris Cyborg,"$820,000 ",2017,,,,,,,,,,,,,
Cris Cyborg,"$1,080,000 ",2018,,,,,,,,,,,,,
Cris Cyborg,"$145,000 ",2019,,,,,,,,,,,,,
Cristiane ‘Cyborg’ Justino,"$255,000 ",2016,,,,,,,,,,,,,
Da Un Jung,"$51,000 ",2019,,,,,,,,,,,,,
Da Un Jung,"$25,000 ",2020,,,,,,,,,,,,,
Damion Grabowski,"$41,000 ",2016,,,,,,,,,,,,,
Dan Kelly,"$60,500 ",2015,,,,,,,,,,,,,
Dan Kelly,"$67,500 ",2016,,,,,,,,,,,,,
Dan Kelly,"$34,000 ",2018,,,,,,,,,,,,,
Dan Spohn,"$8,000 ",2014,,,,,,,,,,,,,
Daniel Chavez,"$25,500 ",2020,,,,,,,,,,,,,
Daniel Comier,"$1,820,000 ",2018,,,,,,,,,,,,,
Daniel Hooker,"$26,000 ",2014,,,,,,,,,,,,,
Dave Branch,"$34,000 ",2010,,,,,,,,,,,,,
Dave Branch,"$6,000 ",2011,,,,,,,,,,,,,
Dmitri Smoliakov,"$12,500 ",2017,,,,,,,,,,,,,
Dmitriy Sosnovskiy,"$23,500 ",2018,,,,,,,,,,,,,
Dmitry Smoliakov,"$12,500 ",2016,,,,,,,,,,,,,
Don’Tale Mayes,"$13,500 ",2019,,,,,,,,,,,,,
Don’Tale Mayes,"$37,000 ",2020,,,,,,,,,,,,,
Dong Hyun Kim (Maestro),"$12,500 ",2015,,,,,,,,,,,,,
Dong Hyun Kim (Maestro),"$85,000 ",2016,,,,,,,,,,,,,
Dong Hyun Kim (Maestro),"$38,500 ",2017,,,,,,,,,,,,,
Dong Hyun Kim (Maestro),"$32,000 ",2018,,,,,,,,,,,,,
Dong Hyun Kim (Stun Gun),"$257,000 ",2015,,,,,,,,,,,,,
Dong Hyun Kim (Stun Gun),"$149,000 ",2016,,,,,,,,,,,,,
Dong Hyun Kim (Stun Gun),"$86,000 ",2017,,,,,,,,,,,,,
Dongi Yang,"$8,000 ",2010,,,,,,,,,,,,,
Dongi Yang,"$24,000 ",2011,,,,,,,,,,,,,
Doo Ho Choi,"$16,000 ",2014,,,,,,,,,,,,,
Doo Ho Choi,"$76,500 ",2015,,,,,,,,,,,,,
Doo Ho Choi,"$143,000 ",2016,,,,,,,,,,,,,
Doo Ho Choi,"$68,000 ",2018,,,,,,,,,,,,,
Doo Ho Choi,"$69,000 ",2019,,,,,,,,,,,,,
Dylan Andrew,"$10,000 ",2015,,,,,,,,,,,,,
Edimilson ‘Kevin’ Souza,"$66,000 ",2014,,,,,,,,,,,,,
Edimilson ‘Kevin’ Souza,"$70,000 ",2015,,,,,,,,,,,,,
Eliot Marshall,"$10,000 ",2010,,,,,,,,,,,,,
Eric Schafer,"$13,000 ",2010,,,,,,,,,,,,,
Felipe Oliveira,"$12,500 ",2016,,,,,,,,,,,,,
Frank Trevino,"$17,600 ",2014,,,,,,,,,,,,,
Gabriel Green,"$15,500 ",2020,,,,,,,,,,,,,
Garrett Whiteley,"$16,000 ",2014,,,,,,,,,,,,,
Glaico Franca,"$32,500 ",2015,,,,,,,,,,,,,
Glaico Franca,"$39,000 ",2016,,,,,,,,,,,,,
Godofredo ‘Pepey’ Castro,"$144,000 ",2014,,,,,,,,,,,,,
Godofredo ‘Pepey’ Castro,"$78,000 ",2015,,,,,,,,,,,,,
Godofrodo ‘Pepey’ Castro,"$8,000 ",2012,,,,,,,,,,,,,
Godofrodo ‘Pepey’ Castro,"$8,000 ",2013,,,,,,,,,,,,,
Grigorii Popov,"$27,000 ",2019,,,,,,,,,,,,,
Guido Canetti,"$58,000 ",2014,,,,,,,,,,,,,
Heather Jo Clark,"$16,000 ",2014,,,,,,,,,,,,,
Heather Jo Clark,"$29,000 ",2016,,,,,,,,,,,,,
Heili Alateng,"$101,000 ",2019,,,,,,,,,,,,,
Heili Alateng,"$15,500 ",2020,,,,,,,,,,,,,
Humberto Brown,"$8,000 ",2014,,,,,,,,,,,,,
Iuri Alcantara,"$12,000 ",2011,,,,,,,,,,,,,
J.C. Cottrell,"$12,500 ",2016,,,,,,,,,,,,,
J.C. Cottrell,"$12,500 ",2017,,,,,,,,,,,,,
Jairzinho Rozenstruick,"$168,500 ",2019,,,,,,,,,,,,,
James Bochniak,"$15,500 ",2018,,,,,,,,,,,,,
James Te-Huna,"$12,000 ",2010,,,,,,,,,,,,,
James Te-Huna,"$18,000 ",2011,,,,,,,,,,,,,
James Te-Huna,"$96,000 ",2012,,,,,,,,,,,,,
James Te-Huna,"$96,000 ",2013,,,,,,,,,,,,,
Jared Connonier,"$8,000 ",2015,,,,,,,,,,,,,
Jared Connonier,"$149,000 ",2016,,,,,,,,,,,,,
Jason Reinhardt,"$10,000 ",2011,,,,,,,,,,,,,
Jesse Bongfeldt,"$6,000 ",2010,,,,,,,,,,,,,
Jesse Bongfeldt,"$6,000 ",2011,,,,,,,,,,,,,
Jessica-Rose Clark,"$45,000 ",2018,,,,,,,,,,,,,
Jessica-Rose Clark,"$18,000 ",2019,,,,,,,,,,,,,
Jessica-Rose Clark,"$44,000 ",2020,,,,,,,,,,,,,
Ji Heon Kim,"$12,500 ",2017,,,,,,,,,,,,,
Jim Crute,"$23,500 ",2018,,,,,,,,,,,,,
Jim Crute,"$45,000 ",2019,,,,,,,,,,,,,
Joanne Calderwood,"$16,000 ",2014,,,,,,,,,,,,,
Joanne Calderwood,"$86,500 ",2015,,,,,,,,,,,,,
Joanne Calderwood,"$58,000 ",2016,,,,,,,,,,,,,
Joanne Calderwood,"$17,800 ",2017,,,,,,,,,,,,,
Joanne Calderwood,"$37,000 ",2018,,,,,,,,,,,,,
Joanne Calderwood,"$111,000 ",2019,,,,,,,,,,,,,
Joanne Calderwood,"$50,000 ",2020,,,,,,,,,,,,,
Joaquim Siva,"$30,500 ",2017,,,,,,,,,,,,,
Joe Gigliotti,"$25,000 ",2016,,,,,,,,,,,,,
John Teixera,"$6,400 ",2012,,,,,,,,,,,,,
John Teixera,"$6,400 ",2013,,,,,,,,,,,,,
John-Olav Eneimo,"$15,000 ",2012,,,,,,,,,,,,,
John-Olav Eneimo,"$15,000 ",2013,,,,,,,,,,,,,
Johny Eduardo,"$6,000 ",2011,,,,,,,,,,,,,
Jon delos Reyes,"$16,000 ",2014,,,,,,,,,,,,,
Jose Alberto Quinonez,"$26,500 ",2016,,,,,,,,,,,,,
Jose Alberto Quinonez,"$30,500 ",2017,,,,,,,,,,,,,
Jose Alberto Quinonez,"$20,000 ",2018,,,,,,,,,,,,,
Jose Alberto Quinonez,"$58,000 ",2019,,,,,,,,,,,,,
Jose Alberto Quinonez,"$76,000 ",2020,,,,,,,,,,,,,
Joseph Duffy,"$92,500 ",2015,,,,,,,,,,,,,
Joseph Duffy,"$65,000 ",2016,,,,,,,,,,,,,
Joseph Duffy,"$75,500 ",2017,,,,,,,,,,,,,
Joseph Duffy,"$29,000 ",2019,,,,,,,,,,,,,
Joseph Duffy,"$29,000 ",2020,,,,,,,,,,,,,
Josh Burkman,"$195,000 ",2015,,,,,,,,,,,,,
Josh Burkman,"$138,000 ",2017,,,,,,,,,,,,,
Josh Sammon,"$85,000 ",2015,,,,,,,,,,,,,
Joshua Culibao,"$13,500 ",2020,,,,,,,,,,,,,
Jumabieke Tuerxon,"$74,000 ",2014,,,,,,,,,,,,,
Jun Yong Park,"$37,000 ",2019,,,,,,,,,,,,,
Jun Yung Park,"$27,500 ",2020,,,,,,,,,,,,,
Junior Alibini,"$85,000 ",2017,,,,,,,,,,,,,
Junior dos Santos,"$260,000 ",2010,,,,,,,,,,,,,
Junior dos Santos,"$485,000 ",2011,,,,,,,,,,,,,
Junior dos Santos,"$600,000 ",2012,,,,,,,,,,,,,
Junior dos Santos,"$600,000 ",2013,,,,,,,,,,,,,
Junior dos Santos,"$310,000 ",2014,,,,,,,,,,,,,
Junior dos Santos,"$410,000 ",2015,,,,,,,,,,,,,
Junior dos Santos,"$410,000 ",2016,,,,,,,,,,,,,
Junior dos Santos,"$430,000 ",2017,,,,,,,,,,,,,
Junior dos Santos,"$830,000 ",2018,,,,,,,,,,,,,
Junior dos Santos,"$880,000 ",2019,,,,,,,,,,,,,
Junior dos Santos,"$1,560,000 ",2020,,,,,,,,,,,,,
Junior Hernandez,"$8,000 ",2014,,,,,,,,,,,,,
Jussier ‘Formiga’ da Silva,"$48,000 ",2014,,,,,,,,,,,,,
Jussier da Silva,"$9,000 ",2012,,,,,,,,,,,,,
Jussier da Silva,"$9,000 ",2013,,,,,,,,,,,,,
Justin Buchholz,"$8,000 ",2010,,,,,,,,,,,,,
Justin Frazer,"$18,500 ",2018,,,,,,,,,,,,,
K.J. Noons,"$163,000 ",2014,,,,,,,,,,,,,
K.J. Noons,"$34,000 ",2015,,,,,,,,,,,,,
K.J. Noons,"$44,000 ",2016,,,,,,,,,,,,,
Kai Kamaka III,"$89,000 ",2020,,,,,,,,,,,,,
Kelvin Gasetlum,"$394,000 ",2019,,,,,,,,,,,,,
Kenan Song,"$95,000 ",2018,,,,,,,,,,,,,
Kevin Souza,"$14,500 ",2015,,,,,,,,,,,,,
Khalil Rountree,"$35,000 ",2016,,,,,,,,,,,,,
Khalil Rountree,"$86,500 ",2017,,,,,,,,,,,,,
Khalil Rountree Jr,"$119,000 ",2018,,,,,,,,,,,,,
Khalil Rountree Jr,"$117,000 ",2019,,,,,,,,,,,,,
Kimbo Slice,"$25,000 ",2010,,,,,,,,,,,,,
Klibson Abreu,"$22,000 ",2020,,,,,,,,,,,,,
Kryzsztof Jotko,"$153,500 ",2016,,,,,,,,,,,,,
Leonardo Augusto Guimaraes,"$27,500 ",2016,,,,,,,,,,,,,
Liu Pingyuan,"$35,500 ",2019,,,,,,,,,,,,,
Livia Renata Souza,"$23,500 ",2018,,,,,,,,,,,,,
Livia Renata Souza,"$47,000 ",2019,,,,,,,,,,,,,
Livia Renata Souza,"$28,000 ",2020,,,,,,,,,,,,,
Loma Lookboonme,"$23,500 ",2019,,,,,,,,,,,,,
Loma Lookboonme,"$43,000 ",2020,,,,,,,,,,,,,
Louis Gaudenot,"$82,200 ",2012,,,,,,,,,,,,,
Louis Gaudenot,"$82,200 ",2013,,,,,,,,,,,,,
Luis Henrique da Silva,"$19,000 ",2017,,,,,,,,,,,,,
Luiz Eduardo Garagorri,"$15,500 ",2020,,,,,,,,,,,,,
Luiz Garagorri,"$39,000 ",2019,,,,,,,,,,,,,
Magomed Bibulatov,"$52,000 ",2017,,,,,,,,,,,,,
Magomed Bibulatov,"$17,100 ",2019,,,,,,,,,,,,,
Manny Bermundez,"$72,700 ",2019,,,,,,,,,,,,,
Manny Gamburyan,"$36,000 ",2011,,,,,,,,,,,,,
Manny Gamburyan,"$36,000 ",2012,,,,,,,,,,,,,
Manny Gamburyan,"$36,000 ",2013,,,,,,,,,,,,,
Manny Gamburyan,"$75,000 ",2014,,,,,,,,,,,,,
Manny Gamburyan,"$96,000 ",2016,,,,,,,,,,,,,
Manny Gamburyen,"$75,000 ",2015,,,,,,,,,,,,,
Marcelo Guimarães,"$16,000 ",2014,,,,,,,,,,,,,
Marcin Vettori,"$45,000 ",2019,,,,,,,,,,,,,
Marcio Alexandre Jr,"$16,000 ",2014,,,,,,,,,,,,,
Marcio Alexandre Jr.,"$14,500 ",2015,,,,,,,,,,,,,
Mary Chiasson,"$33,500 ",2018,,,,,,,,,,,,,
Matt Riddle,"$67,000 ",2011,,,,,,,,,,,,,
Matt Riddle,"$155,000 ",2012,,,,,,,,,,,,,
Matt Riddle,"$155,000 ",2013,,,,,,,,,,,,,
Matthew Semeslberger,"$23,500 ",2020,,,,,,,,,,,,,
Mauricio ‘ Shogun’ Rua,"$270,000 ",2016,,,,,,,,,,,,,
Mauricio ‘Shogun’ Rua,"$410,000 ",2014,,,,,,,,,,,,,
Mauricio ‘Shogun’ Rua,"$310,000 ",2015,,,,,,,,,,,,,
Mauricio ‘Shogun’ Rua,"$275,000 ",2017,,,,,,,,,,,,,
Mauricio ‘Shogun’ Rua,"$540,000 ",2018,,,,,,,,,,,,,
Mauricio ‘Shogun’ Rua,"$215,000 ",2019,,,,,,,,,,,,,
Maurico ‘Shogun’ Rua,"$515,000 ",2020,,,,,,,,,,,,,
Michał Oleksiejczuk,"$38,500 ",2017,,,,,,,,,,,,,
Mike De La Torre,"$54,600 ",2015,,,,,,,,,,,,,
Mike De La Torre,"$19,000 ",2016,,,,,,,,,,,,,
Mike De La Torre,"$19,000 ",2017,,,,,,,,,,,,,
Mike Trizano,"$87,000 ",2018,,,,,,,,,,,,,
Mirko ‘Cro Cop’ Filipovic,"$200,000 ",2015,,,,,,,,,,,,,
Mirko Cro Cop,"$460,000 ",2010,,,,,,,,,,,,,
Mirko Cro Cop,"$150,000 ",2011,,,,,,,,,,,,,
Mirsad Betktic,"$16,000 ",2014,,,,,,,,,,,,,
Mizuki Inoue,"$27,100 ",2019,,,,,,,,,,,,,
Mizuki Inoue,"$15,500 ",2020,,,,,,,,,,,,,
Mostapha Al-Turk,"$7,000 ",2010,,,,,,,,,,,,,
Mounir Lazeez,"$78,300 ",2020,,,,,,,,,,,,,
Nathan Maness,"$101,000 ",2020,,,,,,,,,,,,,
Nick Pace,"$5,400 ",2010,,,,,,,,,,,,,
Nico Musoke,"$49,000 ",2014,,,,,,,,,,,,,
Nico Musoke,"$12,000 ",2015,,,,,,,,,,,,,
Nico Musoke,"$14,500 ",2017,,,,,,,,,,,,,
Nina Ansaroff,"$8,000 ",2014,,,,,,,,,,,,,
Nina Ansaroff,"$8,000 ",2015,,,,,,,,,,,,,
Nina Ansaroff,"$12,500 ",2016,,,,,,,,,,,,,
Nina Ansaroff,"$61,000 ",2017,,,,,,,,,,,,,
Nina Ansaroff,"$92,000 ",2018,,,,,,,,,,,,,
Nina Ansaroff,"$29,000 ",2019,,,,,,,,,,,,,
Ning Guangyou,"$16,000 ",2014,,,,,,,,,,,,,
Ning Guangyou,"$36,900 ",2015,,,,,,,,,,,,,
Ning Guangyou,"$14,500 ",2016,,,,,,,,,,,,,
Norifumi ‘Kid’ Yamamoto,"$15,000 ",2015,,,,,,,,,,,,,
Oleksiy Oliynyk,"$86,000 ",2014,,,,,,,,,,,,,
Oleksiy Oliynyk,"$14,500 ",2016,,,,,,,,,,,,,
Ottman Azatair,"$77,500 ",2020,,,,,,,,,,,,,
Patrick Holohan,"$76,000 ",2014,,,,,,,,,,,,,
Polo Reyes,"$72,500 ",2015,,,,,,,,,,,,,
Polo Reyes,"$86,000 ",2018,,,,,,,,,,,,,
Polo Reyes,"$69,000 ",2019,,,,,,,,,,,,,
Quinton ‘Rampage’ Jackson,"$250,000 ",2015,,,,,,,,,,,,,
Rafael ‘Feijao’ Cavalcante,"$35,000 ",2014,,,,,,,,,,,,,
Rafael ‘Feijao’ Cavalcante,"$47,000 ",2015,,,,,,,,,,,,,
Rafael ‘Feijao’ Cavalcante,"$47,000 ",2016,,,,,,,,,,,,,
Rafael dos Anjos,"$123,000 ",2010,,,,,,,,,,,,,
Rafael dos Anjos,"$44,000 ",2011,,,,,,,,,,,,,
Rafael dos Anjos,"$112,000 ",2012,,,,,,,,,,,,,
Rafael dos Anjos,"$112,000 ",2013,,,,,,,,,,,,,
Rafael dos Anjos,"$297,000 ",2014,,,,,,,,,,,,,
Rafael dos Anjos,"$536,000 ",2015,,,,,,,,,,,,,
Rafael dos Anjos,"$470,000 ",2016,,,,,,,,,,,,,
Rafael dos Anjos,"$422,000 ",2017,,,,,,,,,,,,,
Rafael dos Anjos,"$510,000 ",2018,,,,,,,,,,,,,
Rafael dos Anjos,"$380,000 ",2019,,,,,,,,,,,,,
Rafael dos Anjos,"$435,000 ",2020,,,,,,,,,,,,,
Rafaelo Oliveira,"$20,000 ",2012,,,,,,,,,,,,,
Rafaelo Oliveira,"$20,000 ",2013,,,,,,,,,,,,,
Ramazen Emeev,"$44,000 ",2020,,,,,,,,,,,,,
Rampage Jackson,"$500,000 ",2010,,,,,,,,,,,,,
Rampage Jackson,"$575,000 ",2011,,,,,,,,,,,,,
Renato Carneiro,"$16,000 ",2014,,,,,,,,,,,,,
Rich Attonito,"$40,000 ",2010,,,,,,,,,,,,,
Rick Glenn,"$62,500 ",2016,,,,,,,,,,,,,
Rick Glenn,"$105,500 ",2017,,,,,,,,,,,,,
Rick Glenn,"$73,000 ",2018,,,,,,,,,,,,,
Rob Whiteford,"$43,000 ",2015,,,,,,,,,,,,,
Robbie Peralta,"$46,000 ",2014,,,,,,,,,,,,,
Robbie Peralta,"$18,000 ",2015,,,,,,,,,,,,,
Roberto Sanchez,"$12,500 ",2017,,,,,,,,,,,,,
Roberto Sanchez,"$39,000 ",2018,,,,,,,,,,,,,
Rodolfo Rubio,"$8,000 ",2014,,,,,,,,,,,,,
Rodrigo Goiana de Lima,"$8,000 ",2014,,,,,,,,,,,,,
Rodrigo Vargas,"$13,500 ",2019,,,,,,,,,,,,,
Roldan Sangcha-an,"$8,000 ",2014,,,,,,,,,,,,,
Roldan Sangcha-An,"$58,000 ",2015,,,,,,,,,,,,,
Ronaldo ‘Jacare’ Souza,"$315,000 ",2015,,,,,,,,,,,,,
Ronaldo ‘Jacare’ Souza,"$255,000 ",2016,,,,,,,,,,,,,
Ronaldo ‘Jacare’ Souza,"$400,000 ",2017,,,,,,,,,,,,,
Ronaldo ‘Jacare’ Souza,"$840,000 ",2018,,,,,,,,,,,,,
Ronaldo ‘Jacare’ Souza,"$450,000 ",2019,,,,,,,,,,,,,
Ronaldo ‘Jacare’ Souza,"$225,000 ",2020,,,,,,,,,,,,,
Ronaldo “Jacare’ Souza,"$340,000 ",2014,,,,,,,,,,,,,
Rony Mariano Bezerra,"$116,000 ",2012,,,,,,,,,,,,,
Rony Mariano Bezerra,"$116,000 ",2013,,,,,,,,,,,,,
Sako Chivitchian,"$8,000 ",2010,,,,,,,,,,,,,
Salem Touahri,"$12,500 ",2017,,,,,,,,,,,,,
Saparbek Safarov,"$62,500 ",2016,,,,,,,,,,,,,
Saparbek Safarov,"$13,500 ",2018,,,,,,,,,,,,,
Saparbek Safarov,"$23,500 ",2019,,,,,,,,,,,,,
Saparbek Safarov,"$26,000 ",2020,,,,,,,,,,,,,
Sean O’Connell,"$66,000 ",2014,,,,,,,,,,,,,
Sean O’Connell,"$98,000 ",2015,,,,,,,,,,,,,
Sean O’Connell,"$116,500 ",2016,,,,,,,,,,,,,
Sean O’Malley,"$22,500 ",2017,,,,,,,,,,,,,
Sean O’Malley,"$97,500 ",2018,,,,,,,,,,,,,
Sean O’Malley,"$306,500 ",2020,,,,,,,,,,,,,
Sergey Pavlovich,"$13,500 ",2018,,,,,,,,,,,,,
Sergey Pavlovich,"$101,000 ",2019,,,,,,,,,,,,,
Sergey Spivak,"$37,000 ",2019,,,,,,,,,,,,,
Sergey Spivak,"$49,500 ",2020,,,,,,,,,,,,,
Seung Woo Choi,"$50,500 ",2019,,,,,,,,,,,,,
Stanislav Nedkov,"$12,000 ",2011,,,,,,,,,,,,,
Steven Siler,"$16,000 ",2011,,,,,,,,,,,,,
Su Mudaerji,"$13,500 ",2018,,,,,,,,,,,,,
Su Mudaerji,"$23,500 ",2019,,,,,,,,,,,,,
Su Mudaerji,"$77,500 ",2020,,,,,,,,,,,,,
T.J. Brown,"$25,000 ",2020,,,,,,,,,,,,,
T.J. Dillashaw,"$8,000 ",2011,,,,,,,,,,,,,
T.J. Dillashaw,"$36,000 ",2012,,,,,,,,,,,,,
T.J. Dillashaw,"$36,000 ",2013,,,,,,,,,,,,,
T.J. Dillashaw,"$314,000 ",2014,,,,,,,,,,,,,
T.J. Dillashaw,"$210,000 ",2015,,,,,,,,,,,,,
T.J. Dillashaw,"$430,000 ",2016,,,,,,,,,,,,,
T.J. Dillashaw,"$280,000 ",2017,,,,,,,,,,,,,
T.J. Dillashaw,"$440,000 ",2018,,,,,,,,,,,,,
T.J. Dillashaw,"$380,000 ",2019,,,,,,,,,,,,,
T.J. Laramie,"$13,500 ",2020,,,,,,,,,,,,,
T.J. O’Brien,"$6,000 ",2011,,,,,,,,,,,,,
Tafon Nchuwki,"$23,500 ",2020,,,,,,,,,,,,,
Thiago Moses,"$13,500 ",2018,,,,,,,,,,,,,
Tiago Trator,"$16,000 ",2014,,,,,,,,,,,,,
Tiago Trator,"$32,500 ",2015,,,,,,,,,,,,,
Tiago Trator,"$14,500 ",2016,,,,,,,,,,,,,
TJ O'Brien,"$3,000 ",2010,,,,,,,,,,,,,
Tony Martin,"$32,000 ",2014,,,,,,,,,,,,,
Tony Martin,"$10,000 ",2015,,,,,,,,,,,,,
Tony Martin,"$12,500 ",2016,,,,,,,,,,,,,
Tony Martin,"$63,000 ",2017,,,,,,,,,,,,,
Tor Treong,"$16,000 ",2014,,,,,,,,,,,,,
Ulka Sasaki,"$76,000 ",2014,,,,,,,,,,,,,
Ulka Sasaki,"$12,000 ",2015,,,,,,,,,,,,,
Ulka Sasaki,"$26,500 ",2016,,,,,,,,,,,,,
Ulka Sasaki,"$120,500 ",2017,,,,,,,,,,,,,
Ulka Sasaki,"$73,000 ",2018,,,,,,,,,,,,,
Valérie Létourneau,"$16,000 ",2014,,,,,,,,,,,,,
Vernon Ramos,"$12,500 ",2015,,,,,,,,,,,,,
Vincent Cachero,"$13,500 ",2020,,,,,,,,,,,,,
Vincente Luque,"$141,500 ",2016,,,,,,,,,,,,,
Vinny Malgalhaes,"$16,000 ",2012,,,,,,,,,,,,,
Vinny Malgalhaes,"$16,000 ",2013,,,,,,,,,,,,,
Wang Anying,"$24,000 ",2014,,,,,,,,,,,,,
Wang Sai,"$24,000 ",2014,,,,,,,,,,,,,
Weili Zhang,"$67,000 ",2018,,,,,,,,,,,,,
Weili Zhang,"$219,500 ",2019,,,,,,,,,,,,,
Wendell Oliveira,"$8,000 ",2014,,,,,,,,,,,,,
Wendell Oliveira,"$18,000 ",2015,,,,,,,,,,,,,
William ‘Patalino’ Macario,"$12,000 ",2014,,,,,,,,,,,,,
William ‘Patolino’ Macario,"$12,000 ",2015,,,,,,,,,,,,,
Xiaonan Yan,"$59,000 ",2018,,,,,,,,,,,,,
Xiaonan Yan,"$36,000 ",2019,,,,,,,,,,,,,
Yadong Song,"$109,000 ",2018,,,,,,,,,,,,,
Yashuhiro Urishitani,"$12,000 ",2012,,,,,,,,,,,,,
Yashuhiro Urishitani,"$12,000 ",2013,,,,,,,,,,,,,
Youseff Zalal,"$107,500 ",2020,,,,,,,,,,,,,
Yushin Okami,"$23,000 ",2011,,,,,,,,,,,,,
Zarah Fairn dos Santos,"$13,500 ",2019,,,,,,,,,,,,,
Zhang Tiequan,"$12,000 ",2011,,,,,,,,,,,,,
Zu Anyanwu,"$12,500 ",2017,,,,,,,,,,,,,
